<?xml version="1.0" encoding="utf-8"?>
<NotepadPlus>
	<Native-Langue name="Español" filename="spanish.xml" version="7.8.1">
		<Menu>
			<Main>
				<!-- Main Menu Entries -->
				<Entries>
					<Item menuId="file" name="&amp;Archivo"/>
					<Item menuId="edit" name="&amp;Editar"/>
					<Item menuId="search" name="&amp;Buscar"/>
					<Item menuId="view" name="&amp;Vista"/>
					<Item menuId="encoding" name="&amp;Codificación"/>
					<Item menuId="language" name="&amp;Lenguaje"/>
					<Item menuId="settings" name="C&amp;onfiguración"/>
					<Item menuId="tools" name="&amp;Herramientas"/>
					<Item menuId="macro" name="&amp;Macro"/>
					<Item menuId="run" name="E&amp;jecutar"/>
					<Item idName="Plugins" name="&amp;Plugins"/>
					<Item idName="Window" name="Ve&amp;ntana"/>
				</Entries>
				<!-- Sub Menu Entries -->
				<SubEntries>
					<Item subMenuId="file-openFolder" name="Abrir la carpeta contenedora"/>
					<Item subMenuId="file-closeMore" name="Cerrar más"/>
					<Item subMenuId="file-recentFiles" name="Archivos recientes"/>
					<Item subMenuId="edit-copyToClipboard" name="Copiar al portapapeles"/>
					<Item subMenuId="edit-indent" name="Tabulación"/>
					<Item subMenuId="edit-convertCaseTo" name="MAYÚSCULAS/minúsculas"/>
					<Item subMenuId="edit-lineOperations" name="Operaciones con líneas"/>
					<Item subMenuId="edit-comment" name="Comentarios"/>
					<Item subMenuId="edit-autoCompletion" name="Auto-completar"/>
					<Item subMenuId="edit-eolConversion" name="Conversión fin de línea"/>
					<Item subMenuId="edit-blankOperations" name="Operaciones de limpieza"/>
					<Item subMenuId="edit-pasteSpecial" name="Pegado especial"/>
					<Item subMenuId="edit-onSelection" name="Selección"/>
					<Item subMenuId="search-markAll" name="Marcar todo"/>
					<Item subMenuId="search-unmarkAll" name="Desmarcar todo"/>
					<Item subMenuId="search-jumpUp" name="Subir"/>
					<Item subMenuId="search-jumpDown" name="Bajar"/>
					<Item subMenuId="search-bookmark" name="Marca"/>
					<Item subMenuId="view-currentFileIn" name="Ver archivo actual en "/>
					<Item subMenuId="view-showSymbol" name="Mostrar símbolo"/>
					<Item subMenuId="view-zoom" name="Zoom"/>
					<Item subMenuId="view-moveCloneDocument" name="Mover/clonar el documento actual"/>
					<Item subMenuId="view-tab" name="Pestaña"/>
					<Item subMenuId="view-collapseLevel" name="Contraer nivel"/>
					<Item subMenuId="view-uncollapseLevel" name="Expandir nivel"/>
					<Item subMenuId="view-project" name="Proyecto"/>
					<Item subMenuId="encoding-characterSets" name="Juego de caracteres"/>
					<Item subMenuId="encoding-arabic" name="Árabe"/>
					<Item subMenuId="encoding-baltic" name="Báltico"/>
					<Item subMenuId="encoding-celtic" name="Celta"/>
					<Item subMenuId="encoding-cyrillic" name="Cirílico"/>
					<Item subMenuId="encoding-centralEuropean" name="Europeo central"/>
					<Item subMenuId="encoding-chinese" name="Chino"/>
					<Item subMenuId="encoding-easternEuropean" name="Europeo oriental"/>
					<Item subMenuId="encoding-greek" name="Griego"/>
					<Item subMenuId="encoding-hebrew" name="Hebreo"/>
					<Item subMenuId="encoding-japanese" name="Japonés"/>
					<Item subMenuId="encoding-korean" name="Coreano"/>
					<Item subMenuId="encoding-northEuropean" name="Europeo del Norte"/>
					<Item subMenuId="encoding-thai" name="Tailandés"/>
					<Item subMenuId="encoding-turkish" name="Turco"/>
					<Item subMenuId="encoding-westernEuropean" name="Europeo occidental"/>
					<Item subMenuId="encoding-vietnamese" name="Vietnamita"/>
					<Item subMenuId="settings-import" name="Importar"/>
					<Item subMenuId="tools-md5" name="MD5"/>
					<Item subMenuId="tools-sha256" name="SHA-256"/>
				</SubEntries>
				<!-- all menu item -->
				<Commands>
					<Item id="41001" name="&amp;Nuevo"/>
					<Item id="41002" name="&amp;Abrir"/>
					<Item id="41019" name="Explorador de archivos"/>
					<Item id="41020" name="cmd"/>
					<Item id="41003" name="Cerrar"/>
					<Item id="41004" name="C&amp;errar todas"/>
					<Item id="41005" name="Cerrar las otras pestañas"/>
					<Item id="41009" name="Cerrar todo a la izquierda"/>
					<Item id="41018" name="Cerrar todo a la derecha"/>
					<Item id="41024" name="Cerrar todo sin cambios"/>
					<Item id="41006" name="&amp;Guardar"/>
					<Item id="41007" name="Guardar todo"/>
					<Item id="41008" name="Guardar como"/>
					<Item id="41010" name="Imprimir"/>
					<Item id="1001" name="Imprimir ahora"/>
					<Item id="41011" name="Salir"/>
					<Item id="41012" name="Cargar sesión..."/>
					<Item id="41013" name="Guardar sesión..."/>
					<Item id="41014" name="Recargar desde disco"/>
					<Item id="41015" name="Guardar una copia como..."/>
					<Item id="41016" name="Borrar del disco"/>
					<Item id="41017" name="Renombrar..."/>
					<Item id="41021" name="Restaurar archivo reciente"/>
					<Item id="41022" name="Abrir carpeta &amp;de trabajo"/>
					<Item id="41023" name="Abrir en visor predeterminado"/>
					<Item id="42001" name="C&amp;ortar"/>
					<Item id="42002" name="&amp;Copiar"/>
					<Item id="42003" name="&amp;Deshacer"/>
					<Item id="42004" name="&amp;Rehacer"/>
					<Item id="42005" name="&amp;Pegar"/>
					<Item id="42006" name="&amp;Borrar"/>
					<Item id="42007" name="Seleccionar t&amp;odo"/>
					<Item id="42020" name="Inicio/Fin selección"/>
					<Item id="42008" name="Aumentar guion de línea"/>
					<Item id="42009" name="Reducir guion de línea"/>
					<Item id="42010" name="Duplicar línea actual"/>
					<Item id="42077" name="Eliminar lineas consecutivas duplicadas"/>
					<Item id="42012" name="Dividir líneas"/>
					<Item id="42013" name="Unir líneas"/>
					<Item id="42014" name="Subir línea actual"/>
					<Item id="42015" name="Bajar línea actual"/>
					<Item id="42059" name="Ordenar líneas en sentido ascendente"/>
					<Item id="42060" name="Ordenar líneas en sentido descendente"/>
					<Item id="42061" name="Orden de líneas numérico ascendente"/>
					<Item id="42062" name="Orden de líneas numérico descendente"/>
					<Item id="42063" name="Ordenar líneas como decimales (coma) ascendente"/>
					<Item id="42064" name="Ordenar líneas como decimales (coma) descendente"/>
					<Item id="42065" name="Ordenar líneas como decimales (punto) ascendente"/>
					<Item id="42066" name="Ordenar líneas como decimales (punto) descendente"/>
					<Item id="42016" name="Convertir a MAYÚSCULAS"/>
					<Item id="42017" name="Convertir a minúsculas"/>
					<Item id="42067" name="Convertir A Modo Título"/>
					<Item id="42068" name="Convertir A Modo Título (mezclar)"/>
					<Item id="42069" name="Convertir a modo frase"/>
					<Item id="42070" name="Convertir a modo frase (mezclar)"/>
					<Item id="42071" name="iNVERTIR mayúsculas/MINÚSCULAS"/>
					<Item id="42072" name="mAyúsculas/mInÚscuLAs ALeatoriO"/>
					<Item id="42073" name="Abrir archivo"/>
					<Item id="42074" name="Abrir carpeta contenedora en explorador de archivos"/>
					<Item id="42075" name="Buscar en Internet"/>
					<Item id="42076" name="Cambiar motor de búsqueda..."/>
					<Item id="42018" name="&amp;Inicio de grabación"/>
					<Item id="42019" name="&amp;Fin de grabación"/>
					<Item id="42021" name="&amp;Reproducir"/>
					<Item id="42022" name="Des/Comentar"/>
					<Item id="42023" name="Comentario"/>
					<Item id="42047" name="Sin comentario"/>
					<Item id="42024" name="Quitar espacios al final"/>
					<Item id="42042" name="Cortar espacio al inicio"/>
					<Item id="42043" name="Cortar espacios al inicio y al final"/>
					<Item id="42044" name="Fin de línea -> espacio"/>
					<Item id="42045" name="Eliminar espacios innecesarios"/>
					<Item id="42046" name="TAB a espacio"/>
					<Item id="42054" name="Espacio a TAB (todo)"/>
					<Item id="42053" name="Espacio a TAB (inicio)"/>
					<Item id="42038" name="Pegar contenido HTML"/>
					<Item id="42039" name="Pegar contenido RTF"/>
					<Item id="42048" name="Copiar contenido binario"/>
					<Item id="42049" name="Cortar contenido binario"/>
					<Item id="42050" name="Pegar contenido binario"/>
					<Item id="42037" name="Modo de columna..."/>
					<Item id="42034" name="Editor de columna..."/>
					<Item id="42051" name="Panel de caracteres"/>
					<Item id="42052" name="Historial de portapapeles"/>
					<Item id="42025" name="Guardar macro"/>
					<Item id="42026" name="Texto derecha-izquierda"/>
					<Item id="42027" name="Texto izquierda-derecha"/>
					<Item id="42028" name="Solo lectura"/>
					<Item id="42029" name="Enviar ruta actual a portapapeles"/>
					<Item id="42030" name="Enviar nombre archivo a portapapeles"/>
					<Item id="42031" name="Enviar ruta carpeta a portapapeles"/>
					<Item id="42032" name="Ejecutar macro múltiples veces..."/>
					<Item id="42033" name="Desactivar solo lectura"/>
					<Item id="42035" name="Comentar"/>
					<Item id="42036" name="No comentar"/>
					<Item id="42055" name="Eliminar líneas vacías"/>
					<Item id="42056" name="Eliminar líneas vacías (y contenido en blanco)"/>
					<Item id="42057" name="Insertar línea en blanco encima de la actual"/>
					<Item id="42058" name="Insertar línea en blanco bajo la actual"/>
					<Item id="43001" name="&amp;Buscar..."/>
					<Item id="43002" name="Buscar &amp;siguiente"/>
					<Item id="43003" name="Reemplazar..."/>
					<Item id="43004" name="Ir a línea..."/>
					<Item id="43005" name="Des/Activar marcadores"/>
					<Item id="43006" name="Marcador siguiente"/>
					<Item id="43007" name="Marcador anterior"/>
					<Item id="43008" name="Quitar todos los marcadores"/>
					<Item id="43018" name="Cortar líneas marcada"/>
					<Item id="43019" name="Copiar líneas marcadas"/>
					<Item id="43020" name="Reemplazar líneas marcadas"/>
					<Item id="43021" name="Borrar líneas marcadas"/>
					<Item id="43051" name="Quitar líneas no marcadas"/>
					<Item id="43050" name="Invertir marcas"/>
					<Item id="43052" name="Buscar caracteres por tipo..."/>
					<Item id="43053" name="Seleccionar todo lo que coincida"/>
					<Item id="43009" name="Ir al delimitador simétrico"/>
					<Item id="43010" name="Buscar anterior"/>
					<Item id="43011" name="&amp;Búsqueda incremental"/>
					<Item id="43013" name="Buscar en archivos"/>
					<Item id="43014" name="Búsqueda volátil siguiente"/>
					<Item id="43015" name="Búsqueda volátil anterior"/>
					<Item id="43022" name="Aplicar el estilo 1"/>
					<Item id="43023" name="No aplicar el estilo 1"/>
					<Item id="43024" name="Aplicar el estilo 2"/>
					<Item id="43025" name="No aplicar el estilo 2"/>
					<Item id="43026" name="Aplicar el estilo 3"/>
					<Item id="43027" name="No aplicar el estilo 3"/>
					<Item id="43028" name="Aplicar el estilo 4"/>
					<Item id="43029" name="No aplicar el estilo 4"/>
					<Item id="43030" name="Aplicar el estilo 5"/>
					<Item id="43031" name="No aplicar el estilo 5"/>
					<Item id="43032" name="No aplicar ningún estilo"/>
					<Item id="43033" name="Estilo 1"/>
					<Item id="43034" name="Estilo 2"/>
					<Item id="43035" name="Estilo 3"/>
					<Item id="43036" name="Estilo 4"/>
					<Item id="43037" name="Estilo 5"/>
					<Item id="43038" name="Buscar estilo"/>
					<Item id="43039" name="Estilo 1"/>
					<Item id="43040" name="Estilo 2"/>
					<Item id="43041" name="Estilo 3"/>
					<Item id="43042" name="Estilo 4"/>
					<Item id="43043" name="Estilo 5"/>
					<Item id="43044" name="Buscar estilo"/>
					<Item id="43045" name="Ventana de resultados de búsqueda"/>
					<Item id="43046" name="Resultados de búsqueda siguiente"/>
					<Item id="43047" name="Resultados de búsqueda anterior"/>
					<Item id="43048" name="Seleccionar y buscar siguiente"/>
					<Item id="43049" name="Seleccionar y buscar anterior"/>
					<Item id="43054" name="Marcar..."/>
					<Item id="44009" name="Enviar"/>
					<Item id="44010" name="Contraer todo"/>
					<Item id="44019" name="Mostrar todos los caracteres"/>
					<Item id="44020" name="Mostrar sangrías"/>
					<Item id="44022" name="Ajuste de línea"/>
					<Item id="44023" name="&amp;Aumentar zoom"/>
					<Item id="44024" name="&amp;Disminuir zoom"/>
					<Item id="44025" name="Mostrar espacios y tabulaciones"/>
					<Item id="44026" name="Mostrar saltos de línea"/>
					<Item id="44029" name="Expandir todo"/>
					<Item id="44030" name="Contraer nivel actual"/>
					<Item id="44031" name="Expandir nivel actual"/>
					<Item id="44049" name="Resumen..."/>
					<Item id="44080" name="Mapa del documento"/>
					<Item id="44084" name="Lista de funciones"/>
					<Item id="44085" name="Carpeta como área &amp;de trabajo"/>
					<Item id="44086" name="Pestaña 1"/>
					<Item id="44087" name="Pestaña 2"/>
					<Item id="44088" name="Pestaña 3"/>
					<Item id="44089" name="Pestaña 4"/>
					<Item id="44090" name="Pestaña 5"/>
					<Item id="44091" name="Pestaña 6"/>
					<Item id="44092" name="Pestaña 7"/>
					<Item id="44093" name="Pestaña 8"/>
					<Item id="44094" name="Pestaña 9"/>
					<Item id="44095" name="Pestaña siguiente"/>
					<Item id="44096" name="Pestaña anterior"/>
					<Item id="44097" name="Monitorizando (tail -f)"/>
					<Item id="44098" name="Mover pestaña adelante"/>
					<Item id="44099" name="Mover pestaña atrás"/>
					<Item id="44032" name="Pantalla completa o no"/>
					<Item id="44033" name="Restaurar zoom 100%"/>
					<Item id="44034" name="Siempre visible"/>
					<Item id="44035" name="Sincronización vertical"/>
					<Item id="44036" name="Sincronización horizontal"/>
					<Item id="44041" name="Mostrar símbolo de ajuste"/>
					<Item id="44072" name="Enfocar en otra vista"/>
					<Item id="44081" name="Panel proyecto 1"/>
					<Item id="44082" name="Panel proyecto 2"/>
					<Item id="44083" name="Panel proyecto 3"/>
					<Item id="45001" name="Convertir a formato Windows"/>
					<Item id="45002" name="Convertir a formato UNIX"/>
					<Item id="45003" name="Convertir a formato MAC"/>
					<Item id="45004" name="Codificar en ANSI"/>
					<Item id="45005" name="Codificar en UTF-8"/>
					<Item id="45006" name="Codificar en UCS-2 Big Endian"/>
					<Item id="45007" name="Codificar en UCS-2 Little Endian"/>
					<Item id="45008" name="Codificar en UTF-8 sin BOM"/>
					<Item id="45009" name="Convertir a ANSI"/>
					<Item id="45010" name="Convertir a UTF-8 sin BOM"/>
					<Item id="45011" name="Convertir a UTF-8"/>
					<Item id="45012" name="Convertir a UCS-2 Big Endian"/>
					<Item id="45013" name="Convertir a UCS-2 Little Endian"/>
					<Item id="10001" name="Mover a otra vista"/>
					<Item id="10002" name="Clonar en otra vista"/>
					<Item id="10003" name="Mover a una ventana nueva"/>
					<Item id="10004" name="Abrir en una ventana nueva"/>
					<Item id="46001" name="Configurador de estilo..."/>
					<Item id="46250" name="Defina su lenguaje..."/>
					<Item id="46180" name="Definido por el usuario"/>
					<Item id="47000" name="Acerca de Notepad++..."/>
					<Item id="47010" name="Argumentos línea de comandos..."/>
					<Item id="47001" name="Sitio de Notepad++"/>
					<Item id="47002" name="Página de proyecto Notepad++"/>
					<Item id="47003" name="Documentación online"/>
					<Item id="47004" name="Comunidad Notepad++ (Foro)"/>
					<Item id="47011" name="Soporte directo"/>
					<Item id="47012" name="Depuración..."/>
					<Item id="47005" name="Obtener más Plugins"/>
					<Item id="47006" name="Actualizar Notepad++"/>
					<Item id="47009" name="Establecer Proxy actualizador"/>
					<Item id="48005" name="Importar Plugin(s) ..."/>
					<Item id="48006" name="Importar Tema(s) ..."/>
					<Item id="48018" name="Editar menú emergente"/>
					<Item id="48009" name="Enlaces directos..."/>
					<Item id="48011" name="Preferencias..."/>
					<Item id="48015" name="Administrar Plugins..."/>
					<Item id="48501" name="Generar..."/>
					<Item id="48502" name="Generar de los archivos..."/>
					<Item id="48502" name="Generar desde archivos..."/>
					<Item id="48503" name="Generar en portapapeles"/>
					<Item id="48504" name="Generar..."/>
					<Item id="48505" name="Generar de archivos..."/>
					<Item id="48506" name="Generar desde selección al portapapeles"/>
					<Item id="49000" name="&amp;Run..."/>
					<Item id="50000" name="Función completa"/>
					<Item id="50001" name="Palabra completa"/>
					<Item id="50002" name="Parámetros de función"/>
					<Item id="50003" name="Cambiar al documento anterior"/>
					<Item id="50004" name="Cambiar al siguiente documento"/>
					<Item id="50005" name="Alternar registro de macro"/>
					<Item id="50006" name="Ruta"/>
					<Item id="44042" name="Ocultar líneas"/>
					<Item id="42040" name="Abrir los archivos recientes"/>
					<Item id="42041" name="Vaciar lista de recientes"/>
					<Item id="48016" name="Modificar enlace/Borrar Macro"/>
					<Item id="48017" name="Modificar enlace/Borrar comando..."/>
				</Commands>
			</Main>
			<Splitter/>
			<TabBar>
				<Item CMID="0" name="Cerrar"/>
				<Item CMID="1" name="Cerrar todos excepto actual"/>
				<Item CMID="2" name="Guardar"/>
				<Item CMID="3" name="Guardar como..."/>
				<Item CMID="4" name="Imprimir"/>
				<Item CMID="5" name="Mover a otra vista"/>
				<Item CMID="6" name="Clonar en otra vista"/>
				<Item CMID="7" name="Copiar ruta del archivo (portapapeles)"/>
				<Item CMID="8" name="Copiar nombre del archivo (portapapeles)"/>
				<Item CMID="9" name="Copiar ruta de la carpeta (portapapeles)"/>
				<Item CMID="10" name="Renombrar"/>
				<Item CMID="11" name="Eliminar"/>
				<Item CMID="12" name="Sólo lectura"/>
				<Item CMID="13" name="Quitar marca de Sólo lectura"/>
				<Item CMID="14" name="Mover a nueva ventana"/>
				<Item CMID="15" name="Abrir en una nueva ventana"/>
				<Item CMID="16" name="Recargar"/>
				<Item CMID="17" name="Cerrar todo a la izquierda"/>
				<Item CMID="18" name="Cerrar todo a la derecha"/>
				<Item CMID="19" name="Abrir carpeta en Explorer"/>
				<Item CMID="20" name="Abrir carpeta en cmd"/>
				<Item CMID="21" name="Abrir en visor predeterminado"/>
				<Item CMID="22" name="Cerrar todo sin cambios"/>
			</TabBar>
		</Menu>
		<Dialog>
			<Find title="" titleFind="Buscar" titleReplace="Reemplazar" titleFindInFiles="Buscar en archivos" titleMark="Marcar">
				<Item id="1" name="Encontrar próximo"/>
				<Item id="1722" name="Hacia atrás"/>
				<Item id="2" name="Cerrar"/>
				<Item id="1620" name="Buscar:"/>
				<Item id="1603" name="Solo &amp;palabras completas"/>
				<Item id="1604" name="Coincidir &amp;MAYÚSCULAS/minúsculas"/>
				<Item id="1605" name="Expresión &amp;regular"/>
				<Item id="1606" name="Buscar en todo el d&amp;ocumento"/>
				<Item id="1614" name="Contar"/>
				<Item id="1615" name="Buscar todo"/>
				<Item id="1616" name="Marcar línea"/>
				<Item id="1618" name="Purgar en cada búsqueda"/>
				<Item id="1611" name="Re&amp;emplazar con:"/>
				<Item id="1608" name="&amp;Reemplazar"/>
				<Item id="1609" name="Reemplazar &amp;todo"/>
				<Item id="1687" name="Al perder el foco"/>
				<Item id="1688" name="Siempre"/>
				<Item id="1632" name="En la selección"/>
				<Item id="1633" name="Limpiar"/>
				<Item id="1635" name="Reemplazar en todos los archivos abiertos"/>
				<Item id="1636" name="Buscar en todos los archivos abiertos"/>
				<Item id="1654" name="Filtros:"/>
				<Item id="1655" name="Carpeta:"/>
				<Item id="1656" name="Buscar todo"/>
				<Item id="1658" name="En todas las subcarpetas"/>
				<Item id="1659" name="En carpetas ocultas"/>
				<Item id="1624" name="Modo de búsqueda"/>
				<Item id="1625" name="Normal"/>
				<Item id="1626" name="Extendido (\n, \r, \t, \0, \x...)"/>
				<Item id="1660" name="Reemplazar en todos"/>
				<Item id="1661" name="Seguir archivo actual"/>
				<Item id="1641" name="Buscar solo en el archivo actual"/>
				<Item id="1686" name="Transparencia"/>
				<Item id="1703" name="&amp;. se ajusta a línea nueva"/>
				<Item id="1721" name="▲"/>
				<Item id="1723" name="▼ Siguiente"/>
			</Find>
			<FindCharsInRange title="Buscar caracteres en rango...">
				<Item id="2" name="Cerrar"/>
				<Item id="2901" name="Caracteres no-ASCII (128-255)"/>
				<Item id="2902" name="Caracteres ASCII (0-127)"/>
				<Item id="2903" name="Mi rango:"/>
				<Item id="2906" name="&amp;Arriba"/>
				<Item id="2907" name="&amp;Abajo"/>
				<Item id="2908" name="Dirección"/>
				<Item id="2909" name="Envolver"/>
				<Item id="2910" name="Buscar"/>
			</FindCharsInRange>
			<GoToLine title="Ir a línea...">
				<Item id="2007" name="Línea"/>
				<Item id="2008" name="Desplazamiento"/>
				<Item id="1" name="&amp;Ir"/>
				<Item id="2" name="Cancelar"/>
				<Item id="2004" name="Línea actual:"/>
				<Item id="2005" name="Ir a línea:"/>
				<Item id="2006" name="Última línea:"/>
			</GoToLine>
			<Run title="Run...">
				<Item id="1903" name="Programa a ejecutar"/>
				<Item id="1" name="Ejecutar"/>
				<Item id="2" name="Cancelar"/>
				<Item id="1904" name="Guardar..."/>
			</Run>
			<MD5FromFilesDlg title="Generar MD5 desde archivos">
				<Item id="1922" name="Archivos para generar MD5..."/>
				<Item id="1924" name="Copiar a portapapeles"/>
				<Item id="2" name="Cerrar"/>
			</MD5FromFilesDlg>
			<MD5FromTextDlg title="Generar MD5">
				<Item id="1932" name="Tratar cada línea como una cadena"/>
				<Item id="1934" name="Copiar a portapapeles"/>
				<Item id="2" name="Cerrar"/>
			</MD5FromTextDlg>
			<SHA256FromFilesDlg title="Generar resumen SHA-256">
				<Item id="1922" name="Escoger archivos para generar SHA-256..."/>
				<Item id="1924" name="Copiar a portapapeles"/>
				<Item id="2" name="Cerrar"/>
			</SHA256FromFilesDlg>
			<SHA256FromTextDlg title="Generar resumen SHA-256">
				<Item id="1932" name="Tratar a cada línea como cadena separada"/>
				<Item id="1934" name="Copiar a portapapeles"/>
				<Item id="2" name="Cerrar"/>
			</SHA256FromTextDlg>
			<PluginsAdminDlg title="Admin Plugins" titleAvailable="Disponible" titleUpdates="Actualiz." titleInstalled="Instalado">
				<ColumnPlugin name="Plugin"/>
				<ColumnVersion name="Versión"/>
				<Item id="5501" name="Buscar:"/>
				<Item id="5503" name="Instalar"/>
				<Item id="5504" name="Actualizar"/>
				<Item id="5505" name="Borrar"/>
				<Item id="5508" name="Próximo"/>
				<Item id="2" name="Cerrar"/>
			</PluginsAdminDlg>
			<StyleConfig title="Configurador de estilo">
				<Item id="2" name="Cancelar"/>
				<Item id="2301" name="Guardar &amp;&amp; Cerrar"/>
				<Item id="2303" name="Transparencia"/>
				<Item id="2306" name="Seleccionar tema: "/>
				<SubDialog>
					<Item id="2204" name="Negrita"/>
					<Item id="2205" name="Cursiva"/>
					<Item id="2206" name="Color de fuente"/>
					<Item id="2207" name="Color de fondo"/>
					<Item id="2208" name="Fuente:"/>
					<Item id="2209" name="Tamaño:"/>
					<Item id="2211" name="Estilo:"/>
					<Item id="2212" name="Color"/>
					<Item id="2213" name="Tipo de fuente"/>
					<Item id="2214" name="Ext. predet.:"/>
					<Item id="2216" name="Ext. usuario:"/>
					<Item id="2218" name="Subrayado"/>
					<Item id="2219" name="Palabras clave predeterminadas"/>
					<Item id="2221" name="Palabras clave definidas por el usuario"/>
					<Item id="2225" name="Lenguaje:"/>
					<Item id="2226" name="Habilitar color global de fuentes"/>
					<Item id="2227" name="Habilitar color global de fondo"/>
					<Item id="2228" name="Habilitar tipo global de fuente"/>
					<Item id="2229" name="Habilitar tamaño global de fuente"/>
					<Item id="2230" name="Habilitar estilo global en negrita"/>
					<Item id="2231" name="Habilitar estilo global en cursiva"/>
					<Item id="2232" name="Habilitar estilo global en subrayado"/>
				</SubDialog>
			</StyleConfig>
			<ShortcutMapper title="Mapeador de acceso directo">
				<Item id="2602" name="Modificar"/>
				<Item id="2603" name="Borrar"/>
				<Item id="2606" name="Limpiar"/>
				<Item id="2607" name="Filtro: "/>
				<Item id="1" name="Cerrar"/>
				<ColumnName name="Nombre"/>
				<ColumnShortcut name="Acceso directo"/>
				<ColumnCategory name="Categoría"/>
				<ColumnPlugin name="Plugin"/>
				<MainMenuTab name="Menú principal"/>
				<MacrosTab name="Macros"/>
				<RunCommandsTab name="Comandos"/>
				<PluginCommandsTab name="Comandos de plugin"/>
				<ScintillaCommandsTab name="Comandos Scintilla"/>
				<ConflictInfoOk name="No hay conflictos de acceso para este elemento."/>
				<ConflictInfoEditing name="Sin conflictos . . ."/>
			</ShortcutMapper>
			<ShortcutMapperSubDialg title="Acceso directo">
				<Item id="1" name="OK"/>
				<Item id="2" name="Cancelar"/>
				<Item id="5006" name="Nombre"/>
				<Item id="5008" name="Añadir"/>
				<Item id="5009" name="Borrar"/>
				<Item id="5010" name="Aplicar"/>
				<Item id="5007" name="Esto eliminará el acceso directo de este comando"/>
				<Item id="5012" name="DETECTADO CONFLICTO"/>
			</ShortcutMapperSubDialg>
			<UserDefine title="Definido por el usuario">
				<Item id="20001" name="Puerto"/>
				<Item id="20002" name="Renombrar"/>
				<Item id="20003" name="Crear nuevo..."/>
				<Item id="20004" name="Borrar"/>
				<Item id="20005" name="Guardar como..."/>
				<Item id="20007" name="Idioma del usuario: "/>
				<Item id="20009" name="Ext.:"/>
				<Item id="20012" name="Ignorar MAY./min."/>
				<Item id="20011" name="Transparencia"/>
				<Item id="20015" name="Importar..."/>
				<Item id="20016" name="Exportar..."/>
				<StylerDialog title="Estilos">
					<Item id="25030" name="Opciones de fuente:"/>
					<Item id="25006" name="Color de fuente"/>
					<Item id="25007" name="Color de fondo"/>
					<Item id="25031" name="Nombre:"/>
					<Item id="25032" name="Tamaño:"/>
					<Item id="25001" name="Negrita"/>
					<Item id="25002" name="Cursiva"/>
					<Item id="25003" name="Subrayado"/>
					<Item id="25029" name="Anidar:"/>
					<Item id="25008" name="Delimitador 1"/>
					<Item id="25009" name="Delimitador 2"/>
					<Item id="25010" name="Delimitador 3"/>
					<Item id="25011" name="Delimitador 4"/>
					<Item id="25012" name="Delimitador 5"/>
					<Item id="25013" name="Delimitador 6"/>
					<Item id="25014" name="Delimitador 7"/>
					<Item id="25015" name="Delimitador 8"/>
					<Item id="25018" name="Palabras clave 1"/>
					<Item id="25019" name="Palabras clave 2"/>
					<Item id="25020" name="Palabras clave 3"/>
					<Item id="25021" name="Palabras clave 4"/>
					<Item id="25022" name="Palabras clave 5"/>
					<Item id="25023" name="Palabras clave 6"/>
					<Item id="25024" name="Palabras clave 7"/>
					<Item id="25025" name="Palabras clave 8"/>
					<Item id="25016" name="Comentario"/>
					<Item id="25017" name="Línea de comentario"/>
					<Item id="25026" name="Operadores 1"/>
					<Item id="25027" name="Operadores 2"/>
					<Item id="25028" name="Números"/>
					<Item id="1" name="OK"/>
					<Item id="2" name="Cancelar"/>
				</StylerDialog>
				<Folder title="Relieve sintáctico &amp;&amp; Valores por defecto">
					<Item id="21101" name="Estilo por defecto"/>
					<Item id="21201" name="Estilo"/>
					<Item id="21105" name="Documentación:"/>
					<Item id="21104" name="Sitio web:"/>
					<Item id="21106" name="Compactar el relieve (líneas vacías también)"/>
					<Item id="21220" name="Relieve sintáctico modo 1:"/>
					<Item id="21224" name="Abriendo:"/>
					<Item id="21225" name="Medio:"/>
					<Item id="21226" name="Cerrando:"/>
					<Item id="21227" name="Estilo"/>
					<Item id="21320" name="Relieve sintáctico modo 2(necesarios separadores):"/>
					<Item id="21324" name="Abriendo:"/>
					<Item id="21325" name="Medio:"/>
					<Item id="21326" name="Cerrando:"/>
					<Item id="21327" name="Estilo"/>
					<Item id="21420" name="Relieve sintáctico modo comentario:"/>
					<Item id="21424" name="Abriendo:"/>
					<Item id="21425" name="Medio:"/>
					<Item id="21426" name="Cerrando:"/>
					<Item id="21127" name="Estilo"/>
				</Folder>
				<Keywords title="Listas de palabras clave">
					<Item id="22101" name="1º Grupo"/>
					<Item id="22201" name="2º Grupo"/>
					<Item id="22301" name="3º Grupo"/>
					<Item id="22401" name="4º Grupo"/>
					<Item id="22451" name="5º Grupo"/>
					<Item id="22501" name="6º Grupo"/>
					<Item id="22551" name="7º Grupo"/>
					<Item id="22601" name="8º Grupo"/>
					<Item id="22121" name="Modo prefijo"/>
					<Item id="22221" name="Modo prefijo"/>
					<Item id="22321" name="Modo prefijo"/>
					<Item id="22421" name="Modo prefijo"/>
					<Item id="22471" name="Modo prefijo"/>
					<Item id="22521" name="Modo prefijo"/>
					<Item id="22571" name="Modo prefijo"/>
					<Item id="22621" name="Modo prefijo"/>
					<Item id="22122" name="Estilo"/>
					<Item id="22222" name="Estilo"/>
					<Item id="22322" name="Estilo"/>
					<Item id="22422" name="Estilo"/>
					<Item id="22472" name="Estilo"/>
					<Item id="22522" name="Estilo"/>
					<Item id="22572" name="Estilo"/>
					<Item id="22622" name="Estilo"/>
				</Keywords>
				<Comment title="Comentarios y números">
					<Item id="23003" name="Posición de comentario en la línea"/>
					<Item id="23004" name="Sin límite"/>
					<Item id="23005" name="Siempre al inicio de línea"/>
					<Item id="23006" name="Permitir espacios libres previos"/>
					<Item id="23001" name="Permitir plegado de comentarios"/>
					<Item id="23326" name="Estilo"/>
					<Item id="23323" name="Abrir"/>
					<Item id="23324" name="Continuación"/>
					<Item id="23325" name="Cerrar"/>
					<Item id="23301" name="Estilo de línea de comentario"/>
					<Item id="23124" name="Estilo"/>
					<Item id="23122" name="Abrir"/>
					<Item id="23123" name="Cerrar"/>
					<Item id="23101" name="Estilo comentario"/>
					<Item id="23201" name="Estilo numérico"/>
					<Item id="23220" name="Estilo"/>
					<Item id="23230" name="Prefijo 1"/>
					<Item id="23232" name="Prefijo 2"/>
					<Item id="23234" name="Extras 1"/>
					<Item id="23236" name="Extras 2"/>
					<Item id="23238" name="Sufijo 1"/>
					<Item id="23240" name="Sufijo 2"/>
					<Item id="23242" name="Rango:"/>
					<Item id="23244" name="Separador decimal"/>
					<Item id="23245" name="Punto"/>
					<Item id="23246" name="Coma"/>
					<Item id="23247" name="Ambos"/>
				</Comment>
				<Operator title="Operadores y Delimitadores">
					<Item id="24101" name="Estilo operadores"/>
					<Item id="24113" name="Estilo"/>
					<Item id="24116" name="Operadores 1"/>
					<Item id="24117" name="Operadores 2 (necesita separadores)"/>
					<Item id="24201" name="Delimitador 1"/>
					<Item id="24220" name="Abrir:"/>
					<Item id="24221" name="Escape:"/>
					<Item id="24222" name="Cerrar:"/>
					<Item id="24223" name="Estilo"/>
					<Item id="24301" name="Estilo delimitador 2"/>
					<Item id="24320" name="Abrir:"/>
					<Item id="24321" name="Escape:"/>
					<Item id="24322" name="Cerrar:"/>
					<Item id="24323" name="Estilo"/>
					<Item id="24401" name="Estilo delimitador 3"/>
					<Item id="24420" name="Abrir:"/>
					<Item id="24421" name="Escape:"/>
					<Item id="24422" name="Cerrar:"/>
					<Item id="24423" name="Estilo"/>
					<Item id="24451" name="Estilo delimitador 4"/>
					<Item id="24470" name="Abrir:"/>
					<Item id="24471" name="Escape:"/>
					<Item id="24472" name="Cerrar:"/>
					<Item id="24473" name="Estilo"/>
					<Item id="24501" name="Estilo delimitador 5"/>
					<Item id="24520" name="Abrir:"/>
					<Item id="24521" name="Escape:"/>
					<Item id="24522" name="Cerrar:"/>
					<Item id="24523" name="Estilo"/>
					<Item id="24551" name="Estilo delimitador 6"/>
					<Item id="24570" name="Abrir:"/>
					<Item id="24571" name="Escape:"/>
					<Item id="24572" name="Cerrar:"/>
					<Item id="24573" name="Estilo"/>
					<Item id="24601" name="Estilo delimitador 7"/>
					<Item id="24620" name="Abrir:"/>
					<Item id="24621" name="Escape:"/>
					<Item id="24622" name="Cerrar:"/>
					<Item id="24623" name="Estilo"/>
					<Item id="24651" name="Estilo delimitador 8"/>
					<Item id="24670" name="Abrir:"/>
					<Item id="24671" name="Escape:"/>
					<Item id="24672" name="Cerrar:"/>
					<Item id="24673" name="Estilo"/>
				</Operator>
			</UserDefine>
			<Preference title="Preferencias">
				<Item id="6001" name="Cerrar"/>
				<Global title="Generales">
					<Item id="6101" name="Barra de herramientas"/>
					<Item id="6102" name="Ocultar"/>
					<Item id="6103" name="Iconos pequeños"/>
					<Item id="6104" name="Iconos grandes"/>
					<Item id="6105" name="Iconos predeterminados"/>
					<Item id="6106" name="Barra de pestañas"/>
					<Item id="6107" name="Ajustar texto"/>
					<Item id="6108" name="Bloquear (impedir arrastrar y soltar)"/>
					<Item id="6109" name="Oscurecer pestañas inactivas"/>
					<Item id="6110" name="Mostrar una línea en la pestaña activa"/>
					<Item id="6111" name="Mostrar barra de estado"/>
					<Item id="6112" name="Botón de cierre en cada pestaña"/>
					<Item id="6113" name="Doble clic para cerrar pestaña"/>
					<Item id="6118" name="Ocultar"/>
					<Item id="6119" name="Multi-línea"/>
					<Item id="6120" name="Vertical"/>
					<Item id="6121" name="Salir al cerrar pestaña próxima"/>
					<Item id="6122" name="Ocultar (Alt o F10 para des/activar)"/>
					<Item id="6123" name="Localización"/>
					<Item id="6125" name="Panel lista de documentos"/>
					<Item id="6126" name="Mostrar"/>
					<Item id="6127" name="Desactivar columna de extensión"/>
				</Global>
				<Scintillas title="Edición">
					<Item id="6216" name="Configuración del cursor"/>
					<Item id="6217" name="Ancho:"/>
					<Item id="6219" name="Frecuencia:"/>
					<Item id="6221" name="R"/>
					<Item id="6222" name="L"/>
					<Item id="6224" name="Multi-Edición"/>
					<Item id="6225" name="Habilitar (Ctrl. + clic/selección)"/>
					<Item id="6201" name="Estilo de los niveles"/>
					<Item id="6202" name="Simple"/>
					<Item id="6203" name="Flechas"/>
					<Item id="6204" name="Círculos"/>
					<Item id="6205" name="Cuadrados"/>
					<Item id="6226" name="Ninguno"/>
					<Item id="6227" name="Ajuste de línea"/>
					<Item id="6228" name="Por defecto"/>
					<Item id="6229" name="Alineado"/>
					<Item id="6230" name="Sangría"/>
					<Item id="6206" name="Mostrar números de línea"/>
					<Item id="6207" name="Mostrar marcadores"/>
					<Item id="6208" name="Mostrar límite vertical"/>
					<Item id="6209" name="Número de columnas: "/>
					<Item id="6234" name="Desactivar desplazamiento avanzado (si tiene problemas con pantalla táctil)"/>
					<Item id="6211" name="Límite vertical"/>
					<Item id="6212" name="Modo lineal"/>
					<Item id="6213" name="Modo de fondo"/>
					<Item id="6214" name="Resaltar la línea activa"/>
					<Item id="6231" name="Ancho de borde"/>
					<Item id="6215" name="Suavizar la fuente"/>
					<Item id="6231" name="Ancho del borde"/>
					<Item id="6235" name="Sin borde"/>
					<Item id="6236" name="Permitir desplazamiento tras la próxima línea"/>
				</Scintillas>
				<NewDoc title="Archivo nuevo">
					<Item id="6401" name="Formato"/>
					<Item id="6402" name="Windows"/>
					<Item id="6403" name="Unix"/>
					<Item id="6404" name="Mac"/>
					<Item id="6405" name="Codificación"/>
					<Item id="6406" name="ANSI"/>
					<Item id="6407" name="UTF-8 sin BOM"/>
					<Item id="6408" name="UTF-8"/>
					<Item id="6409" name="UCS-2 Big Endian"/>
					<Item id="6410" name="UCS-2 Little Endian"/>
					<Item id="6411" name="Lenguaje predeterminado:"/>
					<Item id="6419" name="Archivo nuevo"/>
					<Item id="6420" name="Aplicar a los archivos ANSI abiertos"/>
				</NewDoc>
				<DefaultDir title="Carpeta por defecto">
					<Item id="6413" name="Carpeta por defecto (Abrir/Guardar)"/>
					<Item id="6414" name="Seguir documento actual"/>
					<Item id="6415" name="Recordar última carpeta"/>
					<Item id="6430" name="Usar nuevo estilo de diálogo Guardar (sin función de extensión de archivo)"/>
					<Item id="6431" name="Abrir todos los archivos de la carpeta en lugar de usar la carpeta como área de trabajo"/>
				</DefaultDir>
				<FileAssoc title="Asociación de archivos">
					<Item id="4009" name="Ext. soportadas:"/>
					<Item id="4010" name="Ext. asociadas:"/>
				</FileAssoc>
				<Language title="Lenguaje">
					<Item id="6505" name="Disponibles"/>
					<Item id="6506" name="Desactivados"/>
					<Item id="6507" name="Compactar el menú de lenguajes"/>
					<Item id="6508" name="Menú de lenguaje"/>
					<Item id="6301" name="Tabuladores"/>
					<Item id="6302" name="Sustituir por espacios"/>
					<Item id="6303" name="Tamaño: "/>
					<Item id="6510" name="Usar valor por defecto"/>
					<Item id="6335" name="Tratar barra invertida como carácter de escape para SQL"/>
				</Language>
				<Highlighting title="Resaltado">
					<Item id="6333" name="Resaltado inteligente"/>
					<Item id="6326" name="Habilitar resaltado inteligente"/>
					<Item id="6332" name="Coincidir MAYÚSCULAS/minúsculas"/>
					<Item id="6338" name="Solo palabras completas"/>
					<Item id="6339" name="Usar configuración de búsqueda"/>
					<Item id="6340" name="Resaltar otra vista"/>
					<Item id="6329" name="Resaltar etiquetas coincidentes"/>
					<Item id="6327" name="Habilitar"/>
					<Item id="6328" name="Resaltar atributos de etiquetas"/>
					<Item id="6330" name="Resaltar zona comentario/php/asp"/>
				</Highlighting>
				<Print title="Impresión">
					<Item id="6601" name="Imprimir número de línea"/>
					<Item id="6602" name="Opciones de color"/>
					<Item id="6603" name="Sin modificar"/>
					<Item id="6604" name="Invertir"/>
					<Item id="6605" name="Blanco y negro"/>
					<Item id="6606" name="Sin color de fondo"/>
					<Item id="6607" name="Márgenes (milímetros)"/>
					<Item id="6612" name="Izquierdo"/>
					<Item id="6613" name="Superior"/>
					<Item id="6614" name="Derecho"/>
					<Item id="6615" name="Inferior"/>
					<Item id="6706" name="Negrita"/>
					<Item id="6707" name="Cursiva"/>
					<Item id="6708" name="Encabezado"/>
					<Item id="6709" name="Parte izquierda"/>
					<Item id="6710" name="Parte central"/>
					<Item id="6711" name="Parte derecha"/>
					<Item id="6717" name="Negrita"/>
					<Item id="6718" name="Cursiva"/>
					<Item id="6719" name="Pie de página"/>
					<Item id="6720" name="Parte izquierda"/>
					<Item id="6721" name="Parte central"/>
					<Item id="6722" name="Parte derecha"/>
					<Item id="6723" name="Añadir"/>
					<Item id="6725" name="Variable:"/>
					<Item id="6727" name="Mostrar sus ajustes variables"/>
					<Item id="6728" name="Cabecera y pie de página"/>
				</Print>
				<RecentFilesHistory title="Archivos recientes">
					<Item id="6304" name="Historial de archivos recientes"/>
					<Item id="6306" name="Máximo núm. entradas:"/>
					<Item id="6305" name="No comprobar al inicio"/>
					<Item id="6429" name="Mostrar"/>
					<Item id="6424" name="En submenú"/>
					<Item id="6425" name="Solo nombre archivo"/>
					<Item id="6426" name="Ruta completa archivo"/>
					<Item id="6427" name="Longitud máxima:"/>
				</RecentFilesHistory>
				<Backup title="Backup">
					<Item id="6817" name="Copias de seguridad y Sesiones"/>
					<Item id="6818" name="Automatizar Copias de seguridad y Sesiones"/>
					<Item id="6819" name="Realizar Copias cada"/>
					<Item id="6821" name="segundos"/>
					<Item id="6822" name="Ruta para las copias:"/>
					<Item id="6309" name="Recordar la sesión actual en el próximo inicio"/>
					<Item id="6801" name="Copia de seguridad"/>
					<Item id="6315" name="No hacer"/>
					<Item id="6316" name="Copia simple"/>
					<Item id="6317" name="Copia detallada"/>
					<Item id="6804" name="Usar esta carpeta para las copias personalizadas"/>
					<Item id="6803" name="Carpeta:"/>
				</Backup>
				<AutoCompletion title="Auto-completado">
					<Item id="6807" name="Auto-completado"/>
					<Item id="6808" name="Permitir Auto-completar siempre"/>
					<Item id="6809" name="Auto-completar función"/>
					<Item id="6810" name="Auto-completar palabra"/>
					<Item id="6816" name="Autocompletado función y palabra"/>
					<Item id="6824" name="Ignorar números"/>
					<Item id="6811" name="Desde"/>
					<Item id="6813" name="º carácter"/>
					<Item id="6814" name="Valores válidos: 1 - 9"/>
					<Item id="6815" name="Sugerencias para los parámetros de la función"/>
					<Item id="6851" name="Inserción/Cierre automático"/>
					<Item id="6857" name="Etiquetas xml/html"/>
					<Item id="6858" name="Abrir"/>
					<Item id="6859" name="Cerrar"/>
					<Item id="6860" name="1º pareja:"/>
					<Item id="6863" name="2º pareja:"/>
					<Item id="6866" name="3º pareja:"/>
				</AutoCompletion>
				<MultiInstance title="Multi-Instancia">
					<Item id="6151" name="Configuración de múltiples instancias"/>
					<Item id="6152" name="Abrir sesión en nueva instancia de Notepad++"/>
					<Item id="6153" name="Usar siempre en modo multi-instancia"/>
					<Item id="6154" name="Instancia única por defecto"/>
					<Item id="6155" name="* La modificación de este ajuste necesita reiniciar Notepad++"/>
				</MultiInstance>
				<Delimiter title="Delimitador">
					<Item id="6251" name="Ajustes del delimitador (Ctrl + doble clic)"/>
					<Item id="6252" name="Abrir"/>
					<Item id="6255" name="Cerrar"/>
					<Item id="6256" name="Permitir varias líneas"/>
					<Item id="6161" name="Lista de caracteres de palabras"/>
					<Item id="6162" name="Usar lista de caracteres de palabras sin cambios"/>
					<Item id="6163" name="Agregar sus caracteres como parte de la palabra
(No lo escoja a menos que sepa lo que está haciendo)"/>
				</Delimiter>
				<Cloud title="Nube">
					<Item id="6262" name="Ajustes de nube"/>
					<Item id="6263" name="Sin nube"/>
					<Item id="6267" name="Indicar ubicación de la nube aquí:"/>
				</Cloud>
				<SearchEngine title="Motor de búsqueda">
					<Item id="6271" name="Motor de búsqueda (para el comando de &quot;Buscar en internet&quot;)"/>
					<Item id="6272" name="DuckDuckGo"/>
					<Item id="6273" name="Google"/>
					<Item id="6274" name="Bing"/>
					<Item id="6275" name="Yahoo!"/>
					<Item id="6276" name="Indique su motor de búsqueda aquí:"/>
					<!-- No cambie nada tras el ejemplo: -->
					<Item id="6278" name="Ejemplo: https://www.google.com/search?q=$(CURRENT_WORD)"/>
				</SearchEngine>
				<MISC title="Otros">
					<ComboBox id="6347">
						<Element name="Habilitar"/>
						<Element name="Habilitar para archivos abiertos"/>
						<Element name="Deshabilitar"/>
					</ComboBox>
					<Item id="6308" name="Minimizar a la bandeja del sistema"/>
					<Item id="6312" name="Auto-detectar estado del archivo"/>
					<Item id="6313" name="Actualizar sin notificar"/>
					<Item id="6318" name="Enlaces URL clickeables"/>
					<Item id="6325" name="Ir a la última línea tras actualizar"/>
					<Item id="6319" name="Permitir"/>
					<Item id="6320" name="No subrayar"/>
					<Item id="6322" name="Extensión del archivo de sesión:"/>
					<Item id="6323" name="Actualizar automáticamente Notepad++"/>
					<Item id="6324" name="Cambiar de documento (Ctrl+TAB)"/>
					<Item id="6331" name="Mostrar sólo nombre de archivo en el título de la ventana"/>
					<Item id="6334" name="Autodetectar codificación"/>
					<Item id="6314" name="Usar fuente monoespaciada en el cuadro de diálogo Buscar (es necesario reiniciar Notepad ++)"/>
					<Item id="6337" name="Ext. del arch. área de trab.:"/>
					<Item id="6114" name="Permitir"/>
					<Item id="6115" name="Auto-indentar"/>
					<Item id="6117" name="Ordenar por el usado más reciente"/>
					<Item id="6344" name="Visor de documento"/>
					<Item id="6345" name="Pestaña de visor"/>
					<Item id="6346" name="Ver en mapa de documento"/>
				</MISC>
			</Preference>
			<MultiMacro title="Ejecución múltiple de macro">
				<Item id="1" name="Ejecutar"/>
				<Item id="2" name="Cancelar"/>
				<Item id="8006" name="Macro a ejecutar:"/>
				<Item id="8001" name="Ejecutar"/>
				<Item id="8005" name="veces"/>
				<Item id="8002" name="Ejecutar hasta el fin del archivo"/>
			</MultiMacro>
			<Window title="Ventanas">
				<Item id="1" name="Activar"/>
				<Item id="2" name="Aceptar"/>
				<Item id="7002" name="Guardar"/>
				<Item id="7003" name="Cerrar ventana(s)"/>
				<Item id="7004" name="Ordenar pestañas"/>
			</Window>
			<ColumnEditor title="Editor de columnas">
				<Item id="2023" name="Texto a insertar"/>
				<Item id="2033" name="Número a insertar"/>
				<Item id="2030" name="Número inicial:"/>
				<Item id="2031" name="Incrementar en:"/>
				<Item id="2035" name="Ceros delante"/>
				<Item id="2036" name="Repetir :"/>
				<Item id="2032" name="Formato"/>
				<Item id="2024" name="Decimal"/>
				<Item id="2025" name="Octal"/>
				<Item id="2026" name="Hexadecimal"/>
				<Item id="2027" name="Binario"/>
				<Item id="1" name="Aceptar"/>
				<Item id="2" name="Cancelar"/>
			</ColumnEditor>
			<FindInFinder title="Buscador">
				<Item id="1" name="Buscar todo"/>
				<Item id="2" name="Cerrar"/>
				<Item id="1711" name="&amp;Encontrar:"/>
				<Item id="1713" name="Buscar solo en líneas encontradas"/>
				<Item id="1714" name="Buscar &amp;solo palabra completa"/>
				<Item id="1715" name="Buscar &amp;tamaño"/>
				<Item id="1716" name="Modo de búsqueda"/>
				<Item id="1717" name="&amp;Normal"/>
				<Item id="1719" name="Expresión regular"/>
				<Item id="1718" name="Extendido (\n, \r, \t, \0, \x...)"/>
				<Item id="1720" name="&amp;. coincide con la nueva línea"/>
			</FindInFinder>
			<DoSaveOrNot title="Guardar">
				<Item id="1761" name="Guardar &quot;$STR_REPLACE$&quot; ?"/>
				<Item id="6" name="Si"/>
				<Item id="7" name="No"/>
				<Item id="2" name="Cancelar"/>
				<Item id="4" name="Si a todo"/>
				<Item id="5" name="No a todo"/>
			</DoSaveOrNot>
		</Dialog>
		<MessageBox>
			<!-- $INT_REPLACE$ is a place holder, don't translate it -->
			<ContextMenuXmlEditWarning title="Editing contextMenu" message="Editing contextMenu.xml le permite modificar el menú contextual emergente de Notepad ++.
Tiene que reiniciar su Notepad ++ para que surta efecto después de modificarlo."/>
			<NppHelpAbsentWarning title="File does not exist" message="El archivo no existe
no existe. Descárguelo en el sitio de Notepad ++."/>
			<SaveCurrentModifWarning title="Save Current Modification" message="Debe guardar la modificación actual.
Las modificaciones guardadas no se pueden deshacer.

¿Continuar?"/>
			<LoseUndoAbilityWarning title="Lose Undo Ability Warning" message="Debe guardar la modificación actual.
Las modificaciones guardadas no se pueden deshacer.

¿Continuar?"/>
			<CannotMoveDoc title="Move to new Notepad++ Instance" message="El documento se modifica. Guárdelo y vuelva a intentarlo."/>
			<DocReloadWarning title="Reload" message="¿Está seguro de que desea volver a cargar el archivo actual y perder los cambios realizados en Notepad ++?"/>
			<FileLockedWarning title="Save failed" message="Compruebe si este archivo está abierto en otro programa"/>
			<FileAlreadyOpenedInNpp title="" message="El archivo ya está abierto en Notepad++."/>
			<DeleteFileFailed title="Delete File" message="Fallo al borrar el archivo"/>
			<NbFileToOpenImportantWarning title="Amount of files to open is too large" message="$INT_REPLACE$ van a ser abiertos.
Are you sure to open them?"/>
			<SettingsOnCloudError title="Settings on Cloud" message="Parece que la ruta de la configuración en la nube se establece en una unidad de solo lectura,
o en una carpeta se necesita derecho de acceso para escritura.
Su configuración en la nube será cancelada. Reinicie con un valor coherente usando el cuadro de diálogo de Preferencias."/>
			<FilePathNotFoundWarning title="File Open" message="El archivo que está intentando abrir no existe."/>
			<SessionFileInvalidError title="Could not Load Session" message="El archivo de sesión está dañado o no es válido."/>
			<DroppingFolderAsProjectModeWarning title="Invalid action" message="Solo puede eliminar archivos o carpetas, pero no ambos, porque está eliminando carpeta en modo Proyecto.
debe activar &quot;Abra todos los archivos de la carpeta en lugar de abrir Carpeta como espacio de trabajo en la carpeta que se suelta&quot; in &quot;Carpeta por defecto &quot; en el cuadro de diálogo de Preferencias para que esta operación funcione."/>
			<SortingError title="Sorting Error" message="No se puede realizar la ordenación numérica debido a la línea $INT_REPLACE$."/>
			<ColumnModeTip title="Column Mode Tip" message="Use &quot;ALT+Mouse&quot; o &quot;Alt+May+Flecha&quot; para cambiar a modo columna."/>
			<BufferInvalidWarning title="Save failed" message="No se puede guardar: el búfer no es válido."/>
			<DoCloseOrNot title="Keep non existing file" message="El archivo &quot;$STR_REPLACE$&quot; no existe.
¿Mantener este archivo en el editor?"/>
			<DoDeleteOrNot title="Delete file" message="El archivo &quot;$STR_REPLACE$&quot;
se moverá a su Papelera de reciclaje y este documento se cerrará.
¿Continuar?"/>
			<NoBackupDoSaveFile title="Save" message="No se puede encontrar su archivo de copia de seguridad (eliminado del exterior).
Guárdelo, o sus datos se perderán.
¿Desea guardar el archivo &quot;$STR_REPLACE$&quot; ?"/>
			<DoReloadOrNot title="Reload" message="&quot;$STR_REPLACE$&quot;

Este archivo ha sido modificado por otro programa.
¿Desea recargarlo? "/>
			<DoReloadOrNotAndLooseChange title="Reload" message="&quot;$STR_REPLACE$&quot;

Este archivo ha sido modificado por otro programa.
¿Desea volver a cargarlo y perder los cambios realizados en Notepad ++? "/>
			<PrehistoricSystemDetected title="Prehistoric system detected" message="Parece que todavía usa un sistema anticuado. Lamentablemente esta función solo funciona en un sistema moderno."/>
			<XpUpdaterProblem title="Notepad++ Updater" message="El actualizador de Notepad ++ no es compatible con XP debido a la capa de seguridad obsoleta en XP.
¿Desea ir a la página de Notepad ++ para descargar la última versión?"/>
			<DocTooDirtyToMonitor title="Monitoring problem" message="El documento está sucio. Guarde la modificación antes de monitorearlo."/>
			<DocNoExistToMonitor title="Monitoring problem" message="El archivo debe existir para ser monitoreado."/>
			<FileTooBigToOpen title="File size problem" message="El archivo es demasiado grande para abrirlo con Notepad ++"/>
			<CreateNewFileOrNot title="Create new file" message="&quot;$STR_REPLACE$&quot; no existe. ¿Crearlo?"/>
			<CreateNewFileError title="Create new file" message="No se puede crear el archivo &quot;$STR_REPLACE$&quot;."/>
			<OpenFileError title="ERROR" message="No se puede abrir el archivo &quot;$STR_REPLACE$&quot;."/>
			<FileBackupFailed title="File Backup Failed" message="La versión anterior del archivo no se pudo guardar en el directorio de copia de seguridad en &quot;$STR_REPLACE$&quot;.

¿Desea guardar el archivo actual de todos modos?"/>
			<LoadStylersFailed title="Load stylers.xml failed" message="La carga de &quot;$STR_REPLACE$&quot; ha fallado"/>
			<LoadLangsFailed title="Configurator" message="Load langs.xml ha fallado
¿Desea recuperar su langs.xml?"/>
			<LoadLangsFailedFinal title="Configurator" message="Load langs.xml ha fallado"/>
			<FolderAsWorspaceSubfolderExists title="Folder as Workspace adding folder problem" message="Existe una subcarpeta de la carpeta que desea agregar.
Elimine su raíz del panel antes de agregar la carpeta &quot;$STR_REPLACE$&quot;."/>
			<ProjectPanelChanged title="$STR_REPLACE$" message="El espacio de trabajo se modificó. ¿Desea guardarlo?"/>
			<ProjectPanelChangedSaveError title="$STR_REPLACE$" message="Su espacio de trabajo no se ha guardado."/>
			<ProjectPanelOpenDoSaveDirtyWsOrNot title="Open Workspace" message="El espacio de trabajo actual se modificó. ¿Desea guardar el proyecto actual?"/>
			<ProjectPanelNewDoSaveDirtyWsOrNot title="New Workspace" message="El espacio de trabajo actual se modificó. ¿Desea guardar el proyecto actual?"/>
			<ProjectPanelOpenFailed title="Open Workspace" message="El espacio de trabajo no se pudo abrir.
Parece que el archivo para abrir no es un archivo de proyecto válido."/>
			<ProjectPanelRemoveFolderFromProject title="Remove folder from project" message="Se eliminarán todos los subelementos.
¿Está seguro de que desea eliminar esta carpeta del proyecto?"/>
			<ProjectPanelRemoveFileFromProject title="Remove file from project" message="¿Está seguro de que desea eliminar este archivo del proyecto?"/>
			<ProjectPanelReloadError title="Reload Workspace" message="No se puede encontrar el archivo para volver a cargarlo."/>
			<ProjectPanelReloadDirty title="Reload Workspace" message="El espacio de trabajo actual se modificó. La recarga descartará todas las modificaciones.
¿Desea continuar?"/>
			<UDLNewNameError title="UDL Error" message="Este nombre es usado por otro idioma.
Es necesario darle otro."/>
			<UDLRemoveCurrentLang title="Remove the current language" message="¿Está seguro?"/>
			<SCMapperDoDeleteOrNot title="Are you sure?" message="¿Está seguro de que desea eliminar este acceso directo?"/>
			<FindCharRangeValueError title="Range Value problem" message="Debe escribir entre 0 y 255."/>
			<OpenInAdminMode title="Save failed" message="El archivo no se puede guardar y puede estar protegido.
¿Desea iniciar Notepad ++ en modo Administrador?"/>
			<OpenInAdminModeWithoutCloseCurrent title="Save failed" message="El archivo no se puede guardar y puede estar protegido.
¿Desea iniciar Notepad ++ en modo Administrador?"/>
			<OpenInAdminModeFailed title="Open in Administrator mode failed" message="Notepad ++ no se puede abrir en el modo de administrador."/>
			<ViewInBrowser title="View Current File in Browser" message="No se puede encontrar la aplicación en su sistema."/>
			<ExitToUpdatePlugins title="Notepad++ is about to exit" message="Si hace clic en SÍ, saldrá de Notepad ++ para continuar con las operaciones.
Notepad ++ se reiniciará después de que finalicen todas las operaciones.
¿Continuar?"/>
			<NeedToRestartToLoadPlugins title="Notepad++ need to be relaunched" message="Debe reiniciar Notepad ++ para cargar los complementos que instaló."/>
		</MessageBox>
		<ClipboardHistory>
			<PanelTitle name="Historial de portapapeles"/>
		</ClipboardHistory>
		<DocSwitcher>
			<PanelTitle name="Cambiar documento"/>
			<ColumnName name="Nombre"/>
			<ColumnExt name="Ext."/>
		</DocSwitcher>
		<WindowsDlg>
			<ColumnName name="Nombre"/>
			<ColumnPath name="Ruta"/>
			<ColumnType name="Tipo"/>
		</WindowsDlg>
		<AsciiInsertion>
			<PanelTitle name="Panel de entrada Códigos ASCII"/>
			<ColumnVal name="Valor"/>
			<ColumnHex name="Hex"/>
			<ColumnChar name="Carácter"/>
			<ColumnHtmlNumber name="Número HTML"/>
			<ColumnHtmlName name="Código HTML"/>
		</AsciiInsertion>
		<DocumentMap>
			<PanelTitle name="Mapa de documento"/>
		</DocumentMap>
		<FunctionList>
			<PanelTitle name="Lista de funciones"/>
			<SortTip name="Ordenar"/>
			<ReloadTip name="Recargar"/>
		</FunctionList>
		<FolderAsWorkspace>
			<PanelTitle name="Folder as Workspace"/>
			<SelectFolderFromBrowserString name="Seleccione una carpeta para agregarla como panel de área de trabajo"/>
			<Menus>
				<Item id="3511" name="Borrar"/>
				<Item id="3512" name="Borrar todo"/>
				<Item id="3513" name="Añadir"/>
				<Item id="3514" name="Ejecutar por el sistema"/>
				<Item id="3515" name="Abrir"/>
				<Item id="3516" name="Copiar ruta"/>
				<Item id="3517" name="Encontrar en archivos..."/>
				<Item id="3518" name="Explorer aquí"/>
				<Item id="3519" name="CMD aquí"/>
				<Item id="3520" name="Copiar nombre de archivo"/>
			</Menus>
		</FolderAsWorkspace>
		<ProjectManager>
			<PanelTitle name="Proyecto"/>
			<WorkspaceRootName name="Área de trabajo"/>
			<NewProjectName name="Nombre del proyecto"/>
			<NewFolderName name="Nombre de carpeta"/>
			<Menus>
				<Entries>
					<Item id="0" name="Área de trabajo"/>
					<Item id="1" name="Editar"/>
				</Entries>
				<WorkspaceMenu>
					<Item id="3122" name="Nueva área de trabajo"/>
					<Item id="3123" name="Abrir área de trabajo"/>
					<Item id="3124" name="Recargar área de trabajo"/>
					<Item id="3125" name="Guardar"/>
					<Item id="3126" name="Guardar como..."/>
					<Item id="3127" name="Guardar copia como..."/>
					<Item id="3121" name="Añadir proyecto"/>
				</WorkspaceMenu>
				<ProjectMenu>
					<Item id="3111" name="Renombrar"/>
					<Item id="3112" name="Añadir carpeta"/>
					<Item id="3113" name="Añadir Archivos..."/>
					<Item id="3117" name="Añadir archivos de la carpeta..."/>
					<Item id="3114" name="Eliminar"/>
					<Item id="3118" name="Subir"/>
					<Item id="3119" name="Bajar"/>
				</ProjectMenu>
				<FolderMenu>
					<Item id="3111" name="Renombrar"/>
					<Item id="3112" name="Añadir carpeta"/>
					<Item id="3113" name="Añadir archivos..."/>
					<Item id="3117" name="Añadir archivos de la carpeta..."/>
					<Item id="3114" name="Eliminar"/>
					<Item id="3118" name="Subir"/>
					<Item id="3119" name="Bajar"/>
				</FolderMenu>
				<FileMenu>
					<Item id="3111" name="Renombrar"/>
					<Item id="3115" name="Eliminar"/>
					<Item id="3116" name="Modificar la ruta"/>
					<Item id="3118" name="Subir"/>
					<Item id="3119" name="Bajar"/>
				</FileMenu>
			</Menus>
		</ProjectManager>
		<MiscStrings>
			<!-- $INT_REPLACE$  and $STR_REPLACE$ are a place holders, don't translate these place holders -->
			<word-chars-list-tip value="Esto le permite incluir caracteres adicionales a los caracteres de la palabra actual al hacer doble click para seleccionar o buscar con la opción &quot;Solo palabras completas&quot; seleccionada."/>
			<word-chars-list-warning-begin value="Cuidado: "/>
			<word-chars-list-space-warning value="$INT_REPLACE$ espacio(s)"/>
			<word-chars-list-tab-warning value="$INT_REPLACE$ TAB(s)"/>
			<word-chars-list-warning-end value="  en su lista de caracteres."/>
			<cloud-invalid-warning value="Ruta inválida."/>
			<cloud-restart-warning value="Reinicie Notepad++ para que tome efecto."/>
			<cloud-select-folder value="Seleccione una carpeta en la que Notepad ++ lea o escriba sus configuraciones"/>
			<shift-change-direction-tip value="Use May + Enter para buscar en la dirección opuesta"/>
			<two-find-buttons-tip value="modo de 2 botones de búsqueda"/>
			<find-status-top-reached value="Buscar: Encontrado el primer evento empezando desde el final. Se ha llegado al principio del documento."/>
			<find-status-end-reached value="Buscar: Encontrado el primer evento empezando desde el inicio. Se ha llegado al final del documento."/>
			<find-status-replaceinfiles-1-replaced value="Reemplazar en archivos: se reemplazó 1 elemento"/>
			<find-status-replaceinfiles-nb-replaced value="Reemplazar en archivos: $INT_REPLACE$ coincidentes reemplazados"/>
			<find-status-replaceinfiles-re-malformed value="Reemplazar en archivos abiertos: La expresión regular tiene un formato incorrecto. "/>
			<find-status-replaceinopenedfiles-1-replaced value="Reemplazar en archivos abiertos: se reemplazó 1 aparición"/>
			<find-status-replaceinopenedfiles-nb-replaced value="Reemplazar en archivos abiertos: $INT_REPLACE$ ocurrencias reemplazadas"/>
			<find-status-mark-re-malformed value="Marcar: La expresión regular para buscar tiene un formato incorrecto"/>
			<find-status-invalid-re value="Buscar: Expresión regular no válida"/>
			<find-status-mark-1-match value="1 coincidencia"/>
			<find-status-mark-nb-matches value="$INT_REPLACE$ coincidencias"/>
			<find-status-count-re-malformed value="Contar: La expresión regular para buscar tiene un formato incorrecto"/>
			<find-status-count-1-match value="Contar: 1 coincidencia"/>
			<find-status-count-nb-matches value="Contar: $INT_REPLACE$ coincidencias"/>
			<find-status-replaceall-re-malformed value="Reemplazar todo: La expresión regular tiene un formato incorrecto"/>
			<find-status-replaceall-1-replaced value="Reemplazar todo: 1 coincidencia reemplazada"/>
			<find-status-replaceall-nb-replaced value="Reemplazar todo: $INT_REPLACE$ coincidencias reemplazadas"/>
			<find-status-replaceall-readonly value="Reemplazar todo: No se puede reemplazar el texto. El documento actual es de solo lectura"/>
			<find-status-replace-end-reached value="Reemplazar: Reemplazada la primera aparición desde el inicio. Se ha llegado al final del documento"/>
			<find-status-replace-top-reached value="Reemplazar: Reemplazada la primera aparición desde el final. Se ha llegado al inicio del documento"/>
			<find-status-replaced-next-found value="Reemplazar: se reemplazó 1 ocurrencia. Encontrada la siguiente"/>
			<find-status-replaced-next-not-found value="Reemplazar: se reemplazó 1 ocurrencia. No se encontró la siguiente"/>
			<find-status-replace-not-found value="Reemplazar: no se encontró ninguna ocurrencia."/>
			<find-status-replace-readonly value="Reemplazar: No se puede reemplazar el texto. El documento actual es de solo lectura"/>
			<find-status-cannot-find value="Buscar: no se puede encontrar el texto &quot;$STR_REPLACE$&quot;"/>
			<finder-find-in-finder value="Buscar en estos resultados..."/>
			<finder-close-this value="Cerrar el buscador"/>
			<finder-collapse-all value="Contraer todo"/>
			<finder-uncollapse-all value="No contraer nada"/>
			<finder-copy value="Copiar"/>
			<finder-select-all value="Seleccionar todo"/>
			<finder-clear-all value="Limpiar todo"/>
			<finder-open-all value="Abrir todo"/>
			<common-ok value="OK"/>
			<common-cancel value="Cancelar"/>
			<common-name value="Nombre: "/>
			<tabrename-title value="Renombrar pestaña"/>
			<tabrename-newname value="Nuevo Nombre: "/>
			<recent-file-history-maxfile value="Maximo: "/>
			<language-tabsize value="Tamaño de pestaña: "/>
			<userdefined-title-new value="Crear Nuevo Idioma..."/>
			<userdefined-title-save value="Guardar idioma como..."/>
			<userdefined-title-rename value="Renombrar el archivo de idioma"/>
			<autocomplete-nb-char value="Nº car.: "/>
			<edit-verticaledge-nb-col value="Nº columnas:"/>
			<summary value="Resumen"/>
			<summary-filepath value="Ruta completa del archivo:: "/>
			<summary-filecreatetime value="Creado: "/>
			<summary-filemodifytime value="Modificado: "/>
			<summary-nbchar value="Caracteres (sin terminaciones de línea): "/>
			<summary-nbword value="Palabras: "/>
			<summary-nbline value="Lineas: "/>
			<summary-nbbyte value="Longitud del documento: "/>
			<summary-nbsel1 value=" caracteres seleccionados ("/>
			<summary-nbsel2 value=" bytes) en "/>
			<summary-nbrange value=" rangos"/>
		</MiscStrings>
	</Native-Langue>
</NotepadPlus>
